,title,company,details,apply_link,salary,clean,location
0,"Software Engineer, Platform (Developer Experience) (High Seniority)",Benchling,$141k – $191kRemote • San Francisco,https://wellfound.com//jobs/3511585-software-engineer-platform-developer-experience-high-seniority,$141k – $191k,$141k – $191kRemote • San Francisco,San Francisco
1,Implementation Manager,Benchling,Onsite or remote • London+1,https://wellfound.com//jobs/3511400-implementation-manager,,Onsite or remote • London+1,London
2,Product Support Engineer,YipitData,$115k – $130k,https://wellfound.com//jobs/3503322-product-support-engineer,$115k – $130k,$115k – $130k,
3,Data QA Lead,YipitData,$20k – $70k,https://wellfound.com//jobs/3502467-data-qa-lead,$20k – $70k,$20k – $70k,
4,"Solutions Architect, Integrations",YipitData,$120k – $130k,https://wellfound.com//jobs/3493696-solutions-architect-integrations,$120k – $130k,$120k – $130k,
5,"Supplier Quality Engineer (Seattle, Portland, Spokane Metro Areas)",Fictiv,$95k – $125k,https://wellfound.com//jobs/3522941-supplier-quality-engineer-seattle-portland-spokane-metro-areas,$95k – $125k,$95k – $125k,
6,Senior Software Engineer (Remote - US),Fictiv,$160k – $200k,https://wellfound.com//jobs/3495553-senior-software-engineer-remote-us,$160k – $200k,$160k – $200k,
7,"Supplier Quality Engineer (Seattle, WA | Spokane, WA | Portland, OR Area)",Fictiv,$95k – $125k,https://wellfound.com//jobs/3474480-supplier-quality-engineer-seattle-wa-spokane-wa-portland-or-area,$95k – $125k,$95k – $125k,
8,Software Engineer,Unite Us,$100k – $135k,https://wellfound.com//jobs/3522920-software-engineer,$100k – $135k,$100k – $135k,
9,Senior Software Engineer,Unite Us,$140k – $175k,https://wellfound.com//jobs/3522919-senior-software-engineer,$140k – $175k,$140k – $175k,
10,Senior HR Data & Compensation Analyst,Unite Us,$95k – $105k,https://wellfound.com//jobs/3474458-senior-hr-data-compensation-analyst,$95k – $105k,$95k – $105k,
11,Senior DevOps Engineer,Topsort,$40k – $120k • 0.01% – 0.1%Onsite or remote • Santiago+35 years of exp,https://wellfound.com//jobs/3211278-senior-devops-engineer,$40k – $120k,$40k – $120k • 0.01% – 0.1%Onsite or remote • Santiago+35 years of exp,
12,Software Engineer - Integrations,Topsort,$100k – $180k • 0.0% – 0.006%Onsite or remote • Apac+21 year of exp,https://wellfound.com//jobs/3407389-software-engineer-integrations,$100k – $180k,$100k – $180k • 0.0% – 0.006%Onsite or remote • Apac+21 year of exp,
13,Software Engineer - Integrations,Topsort,$120k – $200k • 0.0% – 0.006%Onsite or remote • Sydney+27 years of exp,https://wellfound.com//jobs/3319206-software-engineer-integrations,$120k – $200k,$120k – $200k • 0.0% – 0.006%Onsite or remote • Sydney+27 years of exp,
14,"Software Engineer (Full-stack),  Partnerships Growth",Grow Therapy,$142k – $167k,https://wellfound.com//jobs/3332894-software-engineer-full-stack-partnerships-growth,$142k – $167k,$142k – $167k,
15,Senior AI Engineer,Grow Therapy,$150k – $220kRemote • New York City+2,https://wellfound.com//jobs/3517148-senior-ai-engineer,$150k – $220k,$150k – $220kRemote • New York City+2,New York City
16,"Senior/ Staff ML Engineer, Recommendations Systems",Grow Therapy,$207k – $269k,https://wellfound.com//jobs/3517147-senior-staff-ml-engineer-recommendations-systems,$207k – $269k,$207k – $269k,
17,"Engineering Manager, Growth",GlossGenius,$193k – $260kRemote • New York City+1,https://wellfound.com//jobs/3517109-engineering-manager-growth,$193k – $260k,$193k – $260kRemote • New York City+1,New York City
18,"Software Engineer, Infrastructure - All Levels",GlossGenius,$150k – $230kRemote • New York City+1,https://wellfound.com//jobs/2686895-software-engineer-infrastructure-all-levels,$150k – $230k,$150k – $230kRemote • New York City+1,New York City
19,Senior Application Security Engineer,GlossGenius,$180k – $230kRemote • New York City+1,https://wellfound.com//jobs/3420875-senior-application-security-engineer,$180k – $230k,$180k – $230kRemote • New York City+1,New York City
20,Software Engineer - Javascript,MindCloud,$15k – $25k • No equityRemote only • Argentina+33 years of exp,https://wellfound.com//jobs/3278538-software-engineer-javascript,$15k – $25k,$15k – $25k • No equityRemote only • Argentina+33 years of exp,No equityRemote only
21,Operations Engineer,MindCloud,$15k – $35k • No equityRemote only • Argentina+84 years of exp,https://wellfound.com//jobs/2867375-operations-engineer,$15k – $35k,$15k – $35k • No equityRemote only • Argentina+84 years of exp,No equityRemote only
22,Low Code/JS Systems Integrator,MindCloud,$14k – $25k • No equityRemote only • Argentina+62 years of exp,https://wellfound.com//jobs/3081079-low-code-js-systems-integrator,$14k – $25k,$14k – $25k • No equityRemote only • Argentina+62 years of exp,No equityRemote only
23,"Software Engineer, Frontend",Clipboard,$200k – $400kRemote • San Francisco,https://wellfound.com//jobs/3517933-software-engineer-frontend,$200k – $400k,$200k – $400kRemote • San Francisco,San Francisco
24,"Software Engineer, Backend",Clipboard,$200k – $400kRemote • San Francisco,https://wellfound.com//jobs/3517931-software-engineer-backend,$200k – $400k,$200k – $400kRemote • San Francisco,San Francisco
25,Learning & Development Team Lead (Operations),Clipboard,$25k – $25kRemote • Lagos,https://wellfound.com//jobs/3517927-learning-development-team-lead-operations,$25k – $25k,$25k – $25kRemote • Lagos,Lagos
26,Engineering Manager,SonderMind,$190k – $215kRemote • Denver,https://wellfound.com//jobs/3522972-engineering-manager,$190k – $215k,$190k – $215kRemote • Denver,Denver
27,"Director, Head of Military & Government Partnerships",SonderMind,$145k – $165kRemote • Denver,https://wellfound.com//jobs/3522971-director-head-of-military-government-partnerships,$145k – $165k,$145k – $165kRemote • Denver,Denver
28,"Director, Applied Science and Data Engineering",SonderMind,$200k – $250kRemote • Denver,https://wellfound.com//jobs/3348858-director-applied-science-and-data-engineering,$200k – $250k,$200k – $250kRemote • Denver,Denver
29,"Senior Director of Engineering, Core",LaunchDarkly,$262k – $361k,https://wellfound.com//jobs/3503487-senior-director-of-engineering-core,$262k – $361k,$262k – $361k,
30,Senior Product Security Engineer,LaunchDarkly,$158k – $257k,https://wellfound.com//jobs/3476535-senior-product-security-engineer,$158k – $257k,$158k – $257k,
31,Principal Engineer,LaunchDarkly,$262k – $361k,https://wellfound.com//jobs/3476272-principal-engineer,$262k – $361k,$262k – $361k,
32,Total Rewards Analyst & Stock Administrator,EarnIn,$92k – $146k,https://wellfound.com//jobs/3522889-total-rewards-analyst-stock-administrator,$92k – $146k,$92k – $146k,
33,Senior Product Security Engineer,EarnIn,$155k – $253k,https://wellfound.com//jobs/3415983-senior-product-security-engineer,$155k – $253k,$155k – $253k,
34,Risk Engineer,EarnIn,$145k – $237kRemote • Mountain View,https://wellfound.com//jobs/3470864-risk-engineer,$145k – $237k,$145k – $237kRemote • Mountain View,Mountain View
35,Senior AI Engineer - Remote,Apollo.io,$205k – $285k • 85.0% – 99.999%Remote only • North America6 years of exp,https://wellfound.com//jobs/3516927-senior-ai-engineer-remote,$205k – $285k,$205k – $285k • 85.0% – 99.999%Remote only • North America6 years of exp,
36,Principal Large Language Model Engineer,SmartAsset,$190k – $236k,https://wellfound.com//jobs/3526661-principal-large-language-model-engineer,$190k – $236k,$190k – $236k,
37,Software Engineer,SmartAsset,$117k – $176k,https://wellfound.com//jobs/3416045-software-engineer,$117k – $176k,$117k – $176k,
38,Sales Manager,SmartAsset,$120k – $120k,https://wellfound.com//jobs/3407048-sales-manager,$120k – $120k,$120k – $120k,
39,Staff Cloud Infrastructure Engineer,Assured,$180k – $210kRemote • Palo Alto,https://wellfound.com//jobs/3523103-staff-cloud-infrastructure-engineer,$180k – $210k,$180k – $210kRemote • Palo Alto,Palo Alto
40,Senior Product Manager,Assured,$170k – $200kRemote • Palo Alto,https://wellfound.com//jobs/3496020-senior-product-manager,$170k – $200k,$170k – $200kRemote • Palo Alto,Palo Alto
41,"Staff Database Reliability Engineer, DBRE",Assured,$165k – $185kRemote • Palo Alto,https://wellfound.com//jobs/3275890-staff-database-reliability-engineer-dbre,$165k – $185k,$165k – $185kRemote • Palo Alto,Palo Alto
42,"Software Engineering Lead, Provider Integrations",Trellis,$195k – $205k,https://wellfound.com//jobs/3509706-software-engineering-lead-provider-integrations,$195k – $205k,$195k – $205k,
43,"Staff Software Engineer - Distributed Systems, Real-Time Bidding",Trellis,$195k – $205k,https://wellfound.com//jobs/3503456-staff-software-engineer-distributed-systems-real-time-bidding,$195k – $205k,$195k – $205k,
44,"Senior Machine Learning Engineer, Real-Time Bidding",Trellis,$175k – $185k,https://wellfound.com//jobs/3503457-senior-machine-learning-engineer-real-time-bidding,$175k – $185k,$175k – $185k,
45,Senior Software Engineer - Backend,Recidiviz,$159k – $159k • No equityOnsite or remote • New York City+25 years of exp,https://wellfound.com//jobs/3511492-senior-software-engineer-backend,$159k – $159k,$159k – $159k • No equityOnsite or remote • New York City+25 years of exp,No equityOnsite or remote
46,"State Partnerships Manager (Raleigh, NC)",Recidiviz,$112k – $131k • No equityOnsite or remote • Raleigh+13 years of exp,https://wellfound.com//jobs/3284012-state-partnerships-manager-raleigh-nc,$112k – $131k,$112k – $131k • No equityOnsite or remote • Raleigh+13 years of exp,No equityOnsite or remote
47,Senior Product Manager,Recidiviz,$155k – $155k • No equityOnsite or remote • New York City+25 years of exp,https://wellfound.com//jobs/3287162-senior-product-manager,$155k – $155k,$155k – $155k • No equityOnsite or remote • New York City+25 years of exp,No equityOnsite or remote
48,"Senior Software Engineer, Data",Vannevar Labs,$160k – $210k,https://wellfound.com//jobs/3428373-senior-software-engineer-data,$160k – $210k,$160k – $210k,
49,"Senior Software Engineer, Frontend",Vannevar Labs,$160k – $210k,https://wellfound.com//jobs/3390748-senior-software-engineer-frontend,$160k – $210k,$160k – $210k,
50,Cleared Forward Deployed Engineer,Vannevar Labs,$135k – $205kRemote • Colorado Springs,https://wellfound.com//jobs/2884678-cleared-forward-deployed-engineer,$135k – $205k,$135k – $205kRemote • Colorado Springs,Colorado Springs
51,AI ML Engineer,dv01,$145k – $160k,https://wellfound.com//jobs/3503402-ai-ml-engineer,$145k – $160k,$145k – $160k,
52,Assistant Controller,dv01,$115k – $125k,https://wellfound.com//jobs/3493777-assistant-controller,$115k – $125k,$115k – $125k,
53,QA Engineer I,dv01,$75k – $85k,https://wellfound.com//jobs/3405289-qa-engineer-i,$75k – $85k,$75k – $85k,
54,Finance & Operations Director,Commonwealth,$115k – $140k • 0.5% – 1.0%Remote only • Everywhere4 years of exp,https://wellfound.com//jobs/3510865-finance-operations-director,$115k – $140k,$115k – $140k • 0.5% – 1.0%Remote only • Everywhere4 years of exp,
55,VP of Software and App Development,Commonwealth,$80k – $125k • 0.0% – 0.5%Remote only • Everywhere2 years of exp,https://wellfound.com//jobs/3509728-vp-of-software-and-app-development,$80k – $125k,$80k – $125k • 0.0% – 0.5%Remote only • Everywhere2 years of exp,
56,Head of Product Engineering & Platform Development,Commonwealth,$180k – $200k • 1.0% – 1.5%Remote only • Europe3 years of exp,https://wellfound.com//jobs/3509597-head-of-product-engineering-platform-development,$180k – $200k,$180k – $200k • 1.0% – 1.5%Remote only • Europe3 years of exp,
