,title,company,location,salary,apply_link,source
0,Python + AWS DevOps Engineer,nSoft,Remote,70000,https://remoteOK.com/remote-jobs/remote-python-aws-devops-engineer-nsoft-1129040,remoteok
1,Operations Manager Role,Sienna Charles,Remote,110000,https://remoteOK.com/remote-jobs/remote-operations-manager-role-sienna-charles-1129039,remoteok
2,Customer Service Director Role,Sienna Charles,Remote,110000,https://remoteOK.com/remote-jobs/remote-customer-service-director-role-sienna-charles-1129038,remoteok
3,People Operations Leader,Sienna Charles,Remote,115000,https://remoteOK.com/remote-jobs/remote-people-operations-leader-sienna-charles-1129037,remoteok
4,Current openings,Coursera Sourcing,Remote,90000,https://remoteOK.com/remote-jobs/remote-current-openings-coursera-sourcing-1129035,remoteok
5,Global Elite Texas Work From Home Client Services Representative,Global Elite Empire,Charleston,20,https://remoteOK.com/remote-jobs/remote-global-elite-texas-work-from-home-client-services-representative-global-elite-empire-1129034,remoteok
6,Senior Software Engineer Back End,Tomo,US,141795,https://remoteOK.com/remote-jobs/remote-senior-software-engineer-back-end-tomo-1129033,remoteok
7,Excellent Frontend Developer,Parseur,Remote,95000,https://remoteOK.com/remote-jobs/remote-excellent-frontend-developer-parseur-1129032,remoteok
8,Software Engineer,Tech Innovations Inc.,San Francisco,100000,https://remoteOK.com/remote-jobs/remote-software-engineer-tech-innovations-inc-1129031,remoteok
9,Work From Home Customer Service Assistant,Eestimatepro,Remote,185000,https://remoteOK.com/remote-jobs/remote-work-from-home-customer-service-assistant-eestimatepro-1129030,remoteok
10,Lead Narrative Designer Design Hybrid,Firesprite,United Kingdom,141795,https://remoteOK.com/remote-jobs/remote-lead-narrative-designer-design-hybrid-firesprite-1129027,remoteok
11,Leadership Development Director Independent &,Lifestyle Seed Consulting,Remote,141795,https://remoteOK.com/remote-jobs/remote-leadership-development-director-independent-amp-lifestyle-seed-consulting-1129024,remoteok
12,Principal Engineer Asp.Net,WISEcode,United States,141795,https://remoteOK.com/remote-jobs/remote-principal-engineer-asp-net-wisecode-1129022,remoteok
13,Senior Software Engineer Integrations,Jobgether,Remote,141795,https://remoteOK.com/remote-jobs/remote-senior-software-engineer-integrations-jobgether-1129020,remoteok
14,Software Engineering Internship Summer 2026,OpenSesame,Remote,141795,https://remoteOK.com/remote-jobs/remote-software-engineering-internship-summer-2026-opensesame-1129018,remoteok
15,IT Specialist,Circle.so,Remote,141795,https://remoteOK.com/remote-jobs/remote-it-specialist-circle-so-1129017,remoteok
16,DevOps Engineer,HappyCo,Canada,141795,https://remoteOK.com/remote-jobs/remote-devops-engineer-happyco-1129015,remoteok
17,Senior Financial Analyst,Precision for Medicine,"Remote, United States",141795,https://remoteOK.com/remote-jobs/remote-senior-financial-analyst-precision-for-medicine-1129013,remoteok
18,Intern Software Development,Netomi,"Remote , India",141795,https://remoteOK.com/remote-jobs/remote-intern-software-development-netomi-1129012,remoteok
19,Web Designer,Wing Assistant,Columbia,141795,https://remoteOK.com/remote-jobs/remote-web-designer-wing-assistant-1129011,remoteok
20,SAP S4 HANA EWM Functional Consultant,cBEYONData,Remote,141795,https://remoteOK.com/remote-jobs/remote-sap-s4-hana-ewm-functional-consultant-cbeyondata-1129010,remoteok
21,Senior Product Manager,Maven,Remote,141795,https://remoteOK.com/remote-jobs/remote-senior-product-manager-maven-1129009,remoteok
22,Finance Data Analyst,Circle.so,Remote,141795,https://remoteOK.com/remote-jobs/remote-finance-data-analyst-circle-so-1129008,remoteok
23,SaaS Growth Marketer,Land Insights,Remote,130000,https://remoteOK.com/remote-jobs/remote-saas-growth-marketer-land-insights-1129007,remoteok
24,Mercor STEM Expert application via RippleMatch,Mercor,Denver,90000,https://remoteOK.com/remote-jobs/remote-mercor-stem-expert-application-via-ripplematch-mercor-1129003,remoteok
25,Strategic Account Executive,Saviynt,Boston,141795,https://remoteOK.com/remote-jobs/remote-strategic-account-executive-saviynt-1129002,remoteok
26,Senior Platform Engineer,Cytora,Remote,141795,https://remoteOK.com/remote-jobs/remote-senior-platform-engineer-cytora-1129001,remoteok
27,Lead Product Designer Hybrid,Weedmaps,"Austin, TX",141795,https://remoteOK.com/remote-jobs/remote-lead-product-designer-hybrid-weedmaps-1129000,remoteok
28,Associate Onboarding Manager,Comply,United States,141795,https://remoteOK.com/remote-jobs/remote-associate-onboarding-manager-comply-1128999,remoteok
29,Staff Software Engineer Full Stack & AI Systems,Sully.ai,Remote,215000,https://remoteOK.com/remote-jobs/remote-staff-software-engineer-full-stack-ai-systems-sully-ai-1128998,remoteok
30,Customer Success Manager II,Planet,Europe,141795,https://remoteOK.com/remote-jobs/remote-customer-success-manager-ii-planet-1128997,remoteok
31,Senior Software Engineer,Acquia,"Pune or Delhi,NCR",141795,https://remoteOK.com/remote-jobs/remote-senior-software-engineer-acquia-1128996,remoteok
32,Technical Content Writer & Knowledge Specialist,Skio,Remote,141795,https://remoteOK.com/remote-jobs/remote-technical-content-writer-amp-knowledge-specialist-skio-1128995,remoteok
33,Technical Copywriter,Warp,Remote within US and Canada,70000,https://remoteOK.com/remote-jobs/remote-technical-copywriter-warp-1128994,remoteok
34,VP Protocol Engineer,Galaxy Digital Services,US,150000,https://remoteOK.com/remote-jobs/remote-vp-protocol-engineer-galaxy-digital-services-1128993,remoteok
35,Product Engineer,PostHog,Remote,190000,https://remoteOK.com/remote-jobs/remote-product-engineer-posthog-1128992,remoteok
36,Blockchain Security Expert Security Audit Track,CertiK,"US , Remote",141795,https://remoteOK.com/remote-jobs/remote-blockchain-security-expert-security-audit-track-certik-1128991,remoteok
37,Operations Risk Analyst,Kalshi,New York,141795,https://remoteOK.com/remote-jobs/remote-operations-risk-analyst-kalshi-1128990,remoteok
38,Blockchain Site Reliability Engineer,InfStones,Texas,141795,https://remoteOK.com/remote-jobs/remote-blockchain-site-reliability-engineer-infstones-1128989,remoteok
39,Current openings,ALX Africa,Remote,141795,https://remoteOK.com/remote-jobs/remote-current-openings-alx-africa-1128988,remoteok
40,Senior Software Engineer Billing Platform,Grow Therapy,"New York City, Seattle, San Francisco",125000,https://remoteOK.com/remote-jobs/remote-senior-software-engineer-billing-platform-grow-therapy-1128987,remoteok
41,Senior Software Engineer Client Engagement,Grow Therapy,"New York City, Seattle, San Francisco",141795,https://remoteOK.com/remote-jobs/remote-senior-software-engineer-client-engagement-grow-therapy-1128986,remoteok
42,Enterprise Account Executive,Grow Therapy,"Remote, US",90000,https://remoteOK.com/remote-jobs/remote-enterprise-account-executive-grow-therapy-1128985,remoteok
43,Customer Support,Contra,Remote,55000,https://remoteOK.com/remote-jobs/remote-customer-support-contra-1128983,remoteok
44,C# .Net developer,AEXGroup,Remote,255000,https://remoteOK.com/remote-jobs/remote-c-net-developer-aexgroup-1128982,remoteok
45,Full Stack Engineer Developer Portal,Helius,Remote,141795,https://remoteOK.com/remote-jobs/remote-full-stack-engineer-developer-portal-helius-1128980,remoteok
46,Data Scientist GeoAI,Esri,New Delhi,141795,https://remoteOK.com/remote-jobs/remote-data-scientist-geoai-esri-1128979,remoteok
47,Senior Golang Engineer,Everwest,Not specified,141795,https://remoteOK.com/remote-jobs/remote-senior-golang-engineer-everwest-1128978,remoteok
48,Vice President Senior Frontend Developer,Galaxy,Mumbai,141795,https://remoteOK.com/remote-jobs/remote-vice-president-senior-frontend-developer-galaxy-1128977,remoteok
49,Customer Success Manager,LiveKit,Remote,195000,https://remoteOK.com/remote-jobs/remote-customer-success-manager-livekit-1128976,remoteok
50,Full Stack Engineer,Darkroom,New York,141795,https://remoteOK.com/remote-jobs/remote-full-stack-engineer-darkroom-1128975,remoteok
51,Incident Response Engineer,Solera Health,"Remote , USA",100000,https://remoteOK.com/remote-jobs/remote-incident-response-engineer-solera-health-1128974,remoteok
52,Data Engineer Revenue Platform,Spotify,London,141795,https://remoteOK.com/remote-jobs/remote-data-engineer-revenue-platform-spotify-1128972,remoteok
53,FRONTEND ANGULAR SYMFONY,XKTalent Inc. - Rimutee,Remote,141795,https://remoteOK.com/remote-jobs/remote-frontend-angular-symfony-xktalent-inc-rimutee-1128971,remoteok
54,Senior Performance Marketer,EverAI,Remote,80000,https://remoteOK.com/remote-jobs/remote-senior-performance-marketer-everai-1128970,remoteok
55,Program Delivery Intern,ALX Africa,Remote,141795,https://remoteOK.com/remote-jobs/remote-program-delivery-intern-alx-africa-1128969,remoteok
56,Program Delivery Intern,ALX Africa,Remote,141795,https://remoteOK.com/remote-jobs/remote-program-delivery-intern-alx-africa-1128968,remoteok
57,Software Engineer II Golang,Stacklok,Remote: Europe,141795,https://remoteOK.com/remote-jobs/remote-software-engineer-ii-golang-stacklok-1128967,remoteok
58,Backend Go Engineer Build The Next Generation Of Global Saas & Marketplace Commerce,CYZA,Remote,141795,https://remoteOK.com/remote-jobs/remote-backend-go-engineer-build-the-next-generation-of-global-saas-marketplace-commerce-cyza-1128966,remoteok
59,Senior Technical Product Manager AvaCloud,Ava Labs,"Brooklyn, NY",141795,https://remoteOK.com/remote-jobs/remote-senior-technical-product-manager-avacloud-ava-labs-1128965,remoteok
60,Software Engineering Team Lead,bloXroute Labs,Remote,141795,https://remoteOK.com/remote-jobs/remote-software-engineering-team-lead-bloxroute-labs-1128964,remoteok
61,Intern Software Development,Netomi,"Remote , India",141795,https://remoteOK.com/remote-jobs/remote-intern-software-development-netomi-1128963,remoteok
62,Software Engineer,Tech Solutions Inc.,San Francisco,100000,https://remoteOK.com/remote-jobs/remote-software-engineer-tech-solutions-inc-1128962,remoteok
63,Senior Product Designer,Nansen.ai,"Remote Europe, Remote Asia",141795,https://remoteOK.com/remote-jobs/remote-senior-product-designer-nansen-ai-1128960,remoteok
64,Senior Full Stack Software Engineer Design Systems,Circle.so,Remote,141795,https://remoteOK.com/remote-jobs/remote-senior-full-stack-software-engineer-design-systems-circle-so-1128955,remoteok
65,External Affairs Lead,Reflective,San Francisco,100000,https://remoteOK.com/remote-jobs/remote-external-affairs-lead-reflective-1128954,remoteok
66,Job openings,Jito Labs,Remote,90000,https://remoteOK.com/remote-jobs/remote-job-openings-jito-labs-1128952,remoteok
67,Staff Software Engineer Core Trading,Alpaca,"Remote , APAC",141795,https://remoteOK.com/remote-jobs/remote-staff-software-engineer-core-trading-alpaca-1128951,remoteok
68,Frontend Engineer,"Manta Network, Powered by p0x labs",Any,141795,https://remoteOK.com/remote-jobs/remote-frontend-engineer-manta-network-powered-by-p0x-labs-1128950,remoteok
69,DevOps Engineer Weekday AI,Weekday AI,India,1500000,https://remoteOK.com/remote-jobs/remote-devops-engineer-weekday-ai-weekday-ai-1128949,remoteok
70,Full Stack Software Engineer,CompassX Group,"Remote  , CST Timezone",141795,https://remoteOK.com/remote-jobs/remote-full-stack-software-engineer-compassx-group-1128948,remoteok
71,Technical Project Manager,Tether Operations Limited,Remote,141795,https://remoteOK.com/remote-jobs/remote-technical-project-manager-tether-operations-limited-1128945,remoteok
72,Senior Full stack Developer,Lemon.io,Remote,140000,https://remoteOK.com/remote-jobs/remote-senior-full-stack-developer-lemon-io-1128943,remoteok
73,Freelance Project Manager Medical Communications,Jobgether,Remote,141795,https://remoteOK.com/remote-jobs/remote-freelance-project-manager-medical-communications-jobgether-1128941,remoteok
74,Senior Motion Designer,Hook,Remote,75000,https://remoteOK.com/remote-jobs/remote-senior-motion-designer-hook-1128940,remoteok
75,Senior Release Engineer,Uniswap Labs,New York,125000,https://remoteOK.com/remote-jobs/remote-senior-release-engineer-uniswap-labs-1128939,remoteok
76,Data Analyst,Blockchain.com,Paris,75000,https://remoteOK.com/remote-jobs/remote-data-analyst-blockchain-com-1128938,remoteok
77,Spokesperson & Community Host,labs Ai,Remote,40000,https://remoteOK.com/remote-jobs/remote-spokesperson-community-host-labs-ai-1128937,remoteok
78,Marketing Specialist,INFUSE,Remote,141795,https://remoteOK.com/remote-jobs/remote-marketing-specialist-infuse-1128936,remoteok
79,Language Validation Task Gweno Native Speaker,CrowdGen by Appen,Tanzania,141795,https://remoteOK.com/remote-jobs/remote-language-validation-task-gweno-native-speaker-crowdgen-by-appen-1128935,remoteok
81,Customer Service Support Agent,Limitless,Remote,15000,https://remoteOK.com/remote-jobs/remote-customer-service-support-agent-limitless-1128932,remoteok
82,Sr Staff Environment Artist,PlayStation Global,Los Angeles,125000,https://remoteOK.com/remote-jobs/remote-sr-staff-environment-artist-playstation-global-1128931,remoteok
83,Junior Data Engineer,BlastPoint,Remote,141795,https://remoteOK.com/remote-jobs/remote-junior-data-engineer-blastpoint-1128929,remoteok
84,Enterprise Account Executive,Lumivero,United Kingdom,141795,https://remoteOK.com/remote-jobs/remote-enterprise-account-executive-lumivero-1128928,remoteok
85,Freelance Recruitment Consultant,Hyphen Connect Limited,Global,141795,https://remoteOK.com/remote-jobs/remote-freelance-recruitment-consultant-hyphen-connect-limited-1128923,remoteok
86,Unity Senior Engineer,Limit Break,India,141795,https://remoteOK.com/remote-jobs/remote-unity-senior-engineer-limit-break-1128921,remoteok
87,Senior Designer,Hook,Remote,75000,https://remoteOK.com/remote-jobs/remote-senior-designer-hook-1128920,remoteok
88,Member of Marketing Asia,Anchorage Digital,Singapore,141795,https://remoteOK.com/remote-jobs/remote-member-of-marketing-asia-anchorage-digital-1128919,remoteok
89,Events and Administrative Associate,GiveDirectly,Nairobi,141795,https://remoteOK.com/remote-jobs/remote-events-and-administrative-associate-givedirectly-1128917,remoteok
90,Content Producer,garden3d,Remote,50000,https://remoteOK.com/remote-jobs/remote-content-producer-garden3d-1128916,remoteok
91,Account Executive $215K OTE,Stealth Startup,Remote,160000,https://remoteOK.com/remote-jobs/remote-account-executive-215k-ote-stealth-startup-1128913,remoteok
92,Intern CPR Awareness & Project Management,Jobgether,Remote,141795,https://remoteOK.com/remote-jobs/remote-intern-cpr-awareness-project-management-jobgether-1128911,remoteok
93,Current openings,Paystack,Nigeria,141795,https://remoteOK.com/remote-jobs/remote-current-openings-paystack-1128910,remoteok
94,Current openings,Hone Health,Remote,90000,https://remoteOK.com/remote-jobs/remote-current-openings-hone-health-1128909,remoteok
95,Current openings,Carrot,Remote,90000,https://remoteOK.com/remote-jobs/remote-current-openings-carrot-1128908,remoteok
96,COBOL Specialist AI Trainer,Invisible Agency,World Wide,141795,https://remoteOK.com/remote-jobs/remote-cobol-specialist-ai-trainer-invisible-agency-1128907,remoteok
97,Content Strategist,Capgemini,Chennai,141795,https://remoteOK.com/remote-jobs/remote-content-strategist-capgemini-1128906,remoteok
98,Bookkeeper & Budget Analyst,Offshore Launch,Remote,60000,https://remoteOK.com/remote-jobs/remote-bookkeeper-budget-analyst-offshore-launch-1128905,remoteok
99,Principal Backend Engineer,Medium,"Remote , US",141795,https://remoteOK.com/remote-jobs/remote-principal-backend-engineer-medium-1128904,remoteok
