title,company,location,salary,apply_link
Vice President Project Delivery,Avalere Health,,0 - 0,https://remoteOK.com/remote-jobs/remote-vice-president-project-delivery-avalere-health-1129041
Python + AWS DevOps Engineer,nSoft,,60000 - 80000,https://remoteOK.com/remote-jobs/remote-python-aws-devops-engineer-nsoft-1129040
Operations Manager Role,Sienna Charles,,70000 - 150000,https://remoteOK.com/remote-jobs/remote-operations-manager-role-sienna-charles-1129039
Customer Service Director Role,Sienna Charles,,70000 - 150000,https://remoteOK.com/remote-jobs/remote-customer-service-director-role-sienna-charles-1129038
People Operations Leader,Sienna Charles,,80000 - 150000,https://remoteOK.com/remote-jobs/remote-people-operations-leader-sienna-charles-1129037
Current openings,Coursera Sourcing,Remote,60000 - 120000,https://remoteOK.com/remote-jobs/remote-current-openings-coursera-sourcing-1129035
Global Elite Texas Work From Home Client Services Representative,Global Elite Empire,Charleston,15 - 25,https://remoteOK.com/remote-jobs/remote-global-elite-texas-work-from-home-client-services-representative-global-elite-empire-1129034
Senior Software Engineer Back End,Tomo,US,0 - 0,https://remoteOK.com/remote-jobs/remote-senior-software-engineer-back-end-tomo-1129033
Excellent Frontend Developer,Parseur,,70000 - 120000,https://remoteOK.com/remote-jobs/remote-excellent-frontend-developer-parseur-1129032
Software Engineer,Tech Innovations Inc.,San Francisco,80000 - 120000,https://remoteOK.com/remote-jobs/remote-software-engineer-tech-innovations-inc-1129031
Work From Home Customer Service Assistant,Eestimatepro,,170000 - 200000,https://remoteOK.com/remote-jobs/remote-work-from-home-customer-service-assistant-eestimatepro-1129030
Lead Narrative Designer Design Hybrid,Firesprite,United Kingdom,0 - 0,https://remoteOK.com/remote-jobs/remote-lead-narrative-designer-design-hybrid-firesprite-1129027
Leadership Development Director Independent &,Lifestyle Seed Consulting,,0 - 0,https://remoteOK.com/remote-jobs/remote-leadership-development-director-independent-amp-lifestyle-seed-consulting-1129024
Principal Engineer Asp.Net,WISEcode,United States,0 - 0,https://remoteOK.com/remote-jobs/remote-principal-engineer-asp-net-wisecode-1129022
Senior Software Engineer Integrations,Jobgether,,0 - 0,https://remoteOK.com/remote-jobs/remote-senior-software-engineer-integrations-jobgether-1129020
Software Engineering Internship Summer 2026,OpenSesame,Remote,0 - 0,https://remoteOK.com/remote-jobs/remote-software-engineering-internship-summer-2026-opensesame-1129018
IT Specialist,Circle.so,Remote,0 - 0,https://remoteOK.com/remote-jobs/remote-it-specialist-circle-so-1129017
DevOps Engineer,HappyCo,Canada,0 - 0,https://remoteOK.com/remote-jobs/remote-devops-engineer-happyco-1129015
Senior Financial Analyst,Precision for Medicine,"Remote, United States",0 - 0,https://remoteOK.com/remote-jobs/remote-senior-financial-analyst-precision-for-medicine-1129013
Intern Software Development,Netomi,Remote - India,0 - 0,https://remoteOK.com/remote-jobs/remote-intern-software-development-netomi-1129012
Web Designer,Wing Assistant,Columbia,0 - 0,https://remoteOK.com/remote-jobs/remote-web-designer-wing-assistant-1129011
SAP S4 HANA EWM Functional Consultant,cBEYONData,Remote,0 - 0,https://remoteOK.com/remote-jobs/remote-sap-s4-hana-ewm-functional-consultant-cbeyondata-1129010
Senior Product Manager,Maven,Remote,0 - 0,https://remoteOK.com/remote-jobs/remote-senior-product-manager-maven-1129009
Finance Data Analyst,Circle.so,Remote,0 - 0,https://remoteOK.com/remote-jobs/remote-finance-data-analyst-circle-so-1129008
SaaS Growth Marketer,Land Insights,,80000 - 180000,https://remoteOK.com/remote-jobs/remote-saas-growth-marketer-land-insights-1129007
Mercor STEM Expert application via RippleMatch,Mercor,Denver,60000 - 120000,https://remoteOK.com/remote-jobs/remote-mercor-stem-expert-application-via-ripplematch-mercor-1129003
Strategic Account Executive,Saviynt,Boston,0 - 0,https://remoteOK.com/remote-jobs/remote-strategic-account-executive-saviynt-1129002
Senior Platform Engineer,Cytora,,0 - 0,https://remoteOK.com/remote-jobs/remote-senior-platform-engineer-cytora-1129001
Lead Product Designer Hybrid,Weedmaps,"Austin, TX",0 - 0,https://remoteOK.com/remote-jobs/remote-lead-product-designer-hybrid-weedmaps-1129000
Associate Onboarding Manager,Comply,United States,0 - 0,https://remoteOK.com/remote-jobs/remote-associate-onboarding-manager-comply-1128999
Staff Software Engineer Full Stack & AI Systems,Sully.ai,,200000 - 230000,https://remoteOK.com/remote-jobs/remote-staff-software-engineer-full-stack-ai-systems-sully-ai-1128998
Customer Success Manager II,Planet,Europe,0 - 0,https://remoteOK.com/remote-jobs/remote-customer-success-manager-ii-planet-1128997
Senior Software Engineer,Acquia,Pune or Delhi/NCR,0 - 0,https://remoteOK.com/remote-jobs/remote-senior-software-engineer-acquia-1128996
Technical Content Writer & Knowledge Specialist,Skio,Remote,0 - 0,https://remoteOK.com/remote-jobs/remote-technical-content-writer-amp-knowledge-specialist-skio-1128995
Technical Copywriter,Warp,Remote within US and Canada,60000 - 80000,https://remoteOK.com/remote-jobs/remote-technical-copywriter-warp-1128994
VP Protocol Engineer,Galaxy Digital Services,US,120000 - 180000,https://remoteOK.com/remote-jobs/remote-vp-protocol-engineer-galaxy-digital-services-1128993
Product Engineer,PostHog,,120000 - 260000,https://remoteOK.com/remote-jobs/remote-product-engineer-posthog-1128992
Blockchain Security Expert Security Audit Track,CertiK,US / Remote,0 - 0,https://remoteOK.com/remote-jobs/remote-blockchain-security-expert-security-audit-track-certik-1128991
Operations Risk Analyst,Kalshi,New York,0 - 0,https://remoteOK.com/remote-jobs/remote-operations-risk-analyst-kalshi-1128990
Blockchain Site Reliability Engineer,InfStones,Texas,0 - 0,https://remoteOK.com/remote-jobs/remote-blockchain-site-reliability-engineer-infstones-1128989
Current openings,ALX Africa,Remote,0 - 0,https://remoteOK.com/remote-jobs/remote-current-openings-alx-africa-1128988
Senior Software Engineer Billing Platform,Grow Therapy,"New York City, Seattle, San Francisco",100000 - 150000,https://remoteOK.com/remote-jobs/remote-senior-software-engineer-billing-platform-grow-therapy-1128987
Senior Software Engineer Client Engagement,Grow Therapy,"New York City, Seattle, San Francisco",0 - 0,https://remoteOK.com/remote-jobs/remote-senior-software-engineer-client-engagement-grow-therapy-1128986
Enterprise Account Executive,Grow Therapy,Remote- US,60000 - 120000,https://remoteOK.com/remote-jobs/remote-enterprise-account-executive-grow-therapy-1128985
Customer Support,Contra,,50000 - 60000,https://remoteOK.com/remote-jobs/remote-customer-support-contra-1128983
C# .Net developer,AEXGroup,,200000 - 310000,https://remoteOK.com/remote-jobs/remote-c-net-developer-aexgroup-1128982
Full Stack Engineer Developer Portal,Helius,,0 - 0,https://remoteOK.com/remote-jobs/remote-full-stack-engineer-developer-portal-helius-1128980
Data Scientist GeoAI,Esri,New Delhi,0 - 0,https://remoteOK.com/remote-jobs/remote-data-scientist-geoai-esri-1128979
Senior Golang Engineer,Everwest,Not specified,0 - 0,https://remoteOK.com/remote-jobs/remote-senior-golang-engineer-everwest-1128978
Vice President Senior Frontend Developer,Galaxy,Mumbai,0 - 0,https://remoteOK.com/remote-jobs/remote-vice-president-senior-frontend-developer-galaxy-1128977
Customer Success Manager,LiveKit,,150000 - 240000,https://remoteOK.com/remote-jobs/remote-customer-success-manager-livekit-1128976
Full Stack Engineer,Darkroom,New York,0 - 0,https://remoteOK.com/remote-jobs/remote-full-stack-engineer-darkroom-1128975
Incident Response Engineer,Solera Health,Remote - USA,80000 - 120000,https://remoteOK.com/remote-jobs/remote-incident-response-engineer-solera-health-1128974
Data Engineer Revenue Platform,Spotify,London,0 - 0,https://remoteOK.com/remote-jobs/remote-data-engineer-revenue-platform-spotify-1128972
FRONTEND ANGULAR SYMFONY,XKTalent Inc. - Rimutee,,0 - 0,https://remoteOK.com/remote-jobs/remote-frontend-angular-symfony-xktalent-inc-rimutee-1128971
Senior Performance Marketer,EverAI,,60000 - 100000,https://remoteOK.com/remote-jobs/remote-senior-performance-marketer-everai-1128970
Program Delivery Intern,ALX Africa,Remote,0 - 0,https://remoteOK.com/remote-jobs/remote-program-delivery-intern-alx-africa-1128969
Program Delivery Intern,ALX Africa,Remote,0 - 0,https://remoteOK.com/remote-jobs/remote-program-delivery-intern-alx-africa-1128968
Software Engineer II Golang,Stacklok,Remote: Europe,0 - 0,https://remoteOK.com/remote-jobs/remote-software-engineer-ii-golang-stacklok-1128967
Backend Go Engineer Build The Next Generation Of Global Saas & Marketplace Commerce,CYZA,,0 - 0,https://remoteOK.com/remote-jobs/remote-backend-go-engineer-build-the-next-generation-of-global-saas-marketplace-commerce-cyza-1128966
Senior Technical Product Manager AvaCloud,Ava Labs,"Brooklyn, NY",0 - 0,https://remoteOK.com/remote-jobs/remote-senior-technical-product-manager-avacloud-ava-labs-1128965
Software Engineering Team Lead,bloXroute Labs,Remote,0 - 0,https://remoteOK.com/remote-jobs/remote-software-engineering-team-lead-bloxroute-labs-1128964
Intern Software Development,Netomi,Remote - India,0 - 0,https://remoteOK.com/remote-jobs/remote-intern-software-development-netomi-1128963
Software Engineer,Tech Solutions Inc.,San Francisco,80000 - 120000,https://remoteOK.com/remote-jobs/remote-software-engineer-tech-solutions-inc-1128962
Senior Product Designer,Nansen.ai,"Remote Europe, Remote Asia",0 - 0,https://remoteOK.com/remote-jobs/remote-senior-product-designer-nansen-ai-1128960
Senior Full Stack Software Engineer Design Systems,Circle.so,Remote,0 - 0,https://remoteOK.com/remote-jobs/remote-senior-full-stack-software-engineer-design-systems-circle-so-1128955
External Affairs Lead,Reflective,San Francisco,80000 - 120000,https://remoteOK.com/remote-jobs/remote-external-affairs-lead-reflective-1128954
Job openings,Jito Labs,Remote,60000 - 120000,https://remoteOK.com/remote-jobs/remote-job-openings-jito-labs-1128952
Staff Software Engineer Core Trading,Alpaca,Remote - APAC,0 - 0,https://remoteOK.com/remote-jobs/remote-staff-software-engineer-core-trading-alpaca-1128951
Frontend Engineer,"Manta Network, Powered by p0x labs",Any,0 - 0,https://remoteOK.com/remote-jobs/remote-frontend-engineer-manta-network-powered-by-p0x-labs-1128950
DevOps Engineer Weekday AI,Weekday AI,India,1200000 - 1800000,https://remoteOK.com/remote-jobs/remote-devops-engineer-weekday-ai-weekday-ai-1128949
Full Stack Software Engineer,CompassX Group,Remote  - CST Timezone,0 - 0,https://remoteOK.com/remote-jobs/remote-full-stack-software-engineer-compassx-group-1128948
Technical Project Manager,Tether Operations Limited,,0 - 0,https://remoteOK.com/remote-jobs/remote-technical-project-manager-tether-operations-limited-1128945
Senior Full stack Developer,Lemon.io,,70000 - 210000,https://remoteOK.com/remote-jobs/remote-senior-full-stack-developer-lemon-io-1128943
Freelance Project Manager Medical Communications,Jobgether,,0 - 0,https://remoteOK.com/remote-jobs/remote-freelance-project-manager-medical-communications-jobgether-1128941
Senior Motion Designer,Hook,Remote,60000 - 90000,https://remoteOK.com/remote-jobs/remote-senior-motion-designer-hook-1128940
Senior Release Engineer,Uniswap Labs,New York,100000 - 150000,https://remoteOK.com/remote-jobs/remote-senior-release-engineer-uniswap-labs-1128939
Data Analyst,Blockchain.com,Paris,60000 - 90000,https://remoteOK.com/remote-jobs/remote-data-analyst-blockchain-com-1128938
Spokesperson & Community Host,labs Ai,,30000 - 50000,https://remoteOK.com/remote-jobs/remote-spokesperson-community-host-labs-ai-1128937
Marketing Specialist,INFUSE,Remote,0 - 0,https://remoteOK.com/remote-jobs/remote-marketing-specialist-infuse-1128936
Language Validation Task Gweno Native Speaker,CrowdGen by Appen,Tanzania,0 - 0,https://remoteOK.com/remote-jobs/remote-language-validation-task-gweno-native-speaker-crowdgen-by-appen-1128935
,,,0 - 0,https://remoteOK.com/remote-jobs/remote-1128933
Customer Service Support Agent,Limitless,,10000 - 20000,https://remoteOK.com/remote-jobs/remote-customer-service-support-agent-limitless-1128932
Sr Staff Environment Artist,PlayStation Global,Los Angeles,100000 - 150000,https://remoteOK.com/remote-jobs/remote-sr-staff-environment-artist-playstation-global-1128931
Junior Data Engineer,BlastPoint,Remote,0 - 0,https://remoteOK.com/remote-jobs/remote-junior-data-engineer-blastpoint-1128929
Enterprise Account Executive,Lumivero,United Kingdom,0 - 0,https://remoteOK.com/remote-jobs/remote-enterprise-account-executive-lumivero-1128928
Freelance Recruitment Consultant,Hyphen Connect Limited,Global,0 - 0,https://remoteOK.com/remote-jobs/remote-freelance-recruitment-consultant-hyphen-connect-limited-1128923
Unity Senior Engineer,Limit Break,India,0 - 0,https://remoteOK.com/remote-jobs/remote-unity-senior-engineer-limit-break-1128921
Senior Designer,Hook,Remote,60000 - 90000,https://remoteOK.com/remote-jobs/remote-senior-designer-hook-1128920
Member of Marketing Asia,Anchorage Digital,Singapore,0 - 0,https://remoteOK.com/remote-jobs/remote-member-of-marketing-asia-anchorage-digital-1128919
Events and Administrative Associate,GiveDirectly,Nairobi,0 - 0,https://remoteOK.com/remote-jobs/remote-events-and-administrative-associate-givedirectly-1128917
Content Producer,garden3d,,40000 - 60000,https://remoteOK.com/remote-jobs/remote-content-producer-garden3d-1128916
Account Executive $215K OTE,Stealth Startup,,110000 - 210000,https://remoteOK.com/remote-jobs/remote-account-executive-215k-ote-stealth-startup-1128913
Intern CPR Awareness & Project Management,Jobgether,,0 - 0,https://remoteOK.com/remote-jobs/remote-intern-cpr-awareness-project-management-jobgether-1128911
Current openings,Paystack,Nigeria,0 - 0,https://remoteOK.com/remote-jobs/remote-current-openings-paystack-1128910
Current openings,Hone Health,Remote,60000 - 120000,https://remoteOK.com/remote-jobs/remote-current-openings-hone-health-1128909
Current openings,Carrot,Remote,60000 - 120000,https://remoteOK.com/remote-jobs/remote-current-openings-carrot-1128908
COBOL Specialist AI Trainer,Invisible Agency,World Wide,0 - 0,https://remoteOK.com/remote-jobs/remote-cobol-specialist-ai-trainer-invisible-agency-1128907
Content Strategist,Capgemini,Chennai,0 - 0,https://remoteOK.com/remote-jobs/remote-content-strategist-capgemini-1128906
Bookkeeper & Budget Analyst,Offshore Launch,Remote,50000 - 70000,https://remoteOK.com/remote-jobs/remote-bookkeeper-budget-analyst-offshore-launch-1128905
